Student number;First name;Last name;Birthdate
1;Millian;Andersen;876787200;;;;;
2;Elida;Lund;881625600;;;;;
3;Sara;Holt;818035200;;;;;
4;Mohamed;Abboud;960076800;;;;;
5;Malin;Hansen;916272000;;;;;
6;Eirik;Hovde;926726400;;;;;
7;Ylva;Guddal;986256000;;;;;
8;Amira;Haugland;784080000;;;;;
9;Nora;Horten;796003200;;;;;
10;Kristian;Karlsen;880243200;;;;;
11;Almar;Goudsmit;931003200;;;;;